id,skin1,skin2
1,21.5,18.299999
2,25,21.5
3,19.299999,16.299999
4,33.900002,32.299999
5,15.9,19.1
6,39.900002,34.599998
7,20.799999,16.799999
8,33.200001,31
9,34.400002,32.5
10,20.5,18.6
11,14.6,14
12,15.8,15.5
13,18.4,16.4
14,25.5,19
15,19,17.6
